{
  "fertility": {
    "per_tokenizer": {
      "MiRe_bpe": {
        "global": {
          "mean": 0.32711080147462906,
          "median": 0.3224838181652001,
          "std": 0.04261201071352335,
          "count": 1000
        },
        "per_language": {
          "srp_Latn": {
            "mean": 0.32711080147462906,
            "median": 0.3224838181652001,
            "std": 0.04261201071352335,
            "std_err": 0.001348184356127728,
            "min": 0.22162162162162163,
            "max": 0.8547008547008547,
            "count": 1000,
            "sum": 327.11080147462906
          }
        }
      }
    },
    "pairwise_comparisons": {},
    "per_language": {}
  },
  "token_length": {
    "per_tokenizer": {
      "MiRe_bpe": {}
    }
  },
  "vocabulary_utilization": {
    "per_tokenizer": {
      "MiRe_bpe": {
        "global_utilization": 0.35456666666666664,
        "per_language": {
          "srp_Latn": {
            "utilization": 0.35456666666666664,
            "used_tokens": 10637,
            "vocab_size": 30000,
            "unused_tokens": 19363
          }
        }
      }
    }
  },
  "type_token_ratio": {
    "per_tokenizer": {
      "MiRe_bpe": {
        "global_ttr": 0.03865849182091418
      }
    },
    "per_language": {
      "srp_Latn": {
        "MiRe_bpe": 0.03865849182091418
      }
    }
  },
  "avg_tokens_per_line": {
    "per_tokenizer": {
      "MiRe_bpe": {
        "global_avg": 275.153
      }
    }
  },
  "compression_ratio": {
    "per_tokenizer": {
      "MiRe_bpe": {
        "global": {
          "mean": 0.007565412481757193,
          "median": 0.00514142215173143,
          "std": 0.0065215404726106175,
          "count": 1000
        },
        "per_language": {
          "srp_Latn": 0.007565412481757193
        }
      }
    },
    "pairwise_comparisons": {},
    "per_language": {}
  },
  "renyi_efficiency": {
    "per_tokenizer": {
      "MiRe_bpe": {
        "renyi_1.0": {
          "overall": 9.174046193596451
        },
        "renyi_2.0": {
          "overall": 6.381886983634563
        },
        "renyi_2.5": {
          "overall": 5.870214814895032
        },
        "renyi_3.0": {
          "overall": 5.562360581212798
        }
      }
    },
    "pairwise_comparisons": {
      "shannon": {}
    },
    "per_language": {
      "renyi_1.0": {
        "srp_Latn": {
          "MiRe_bpe": 9.174046193596451
        }
      },
      "renyi_2.0": {
        "srp_Latn": {
          "MiRe_bpe": 6.381886983634563
        }
      },
      "renyi_2.5": {
        "srp_Latn": {
          "MiRe_bpe": 5.870214814895032
        }
      },
      "renyi_3.0": {
        "srp_Latn": {
          "MiRe_bpe": 5.562360581212798
        }
      }
    }
  },
  "unigram_distribution_metrics": {
    "per_tokenizer": {
      "MiRe_bpe": {
        "per_language": {
          "srp_Latn": {
            "unigram_entropy": 9.174046193596451,
            "avg_token_rank": 634.1884987625067,
            "total_tokens": 275153,
            "unique_tokens": 10637
          }
        }
      }
    },
    "pairwise_comparisons": {
      "global_unigram_entropy": {},
      "global_avg_token_rank": {}
    },
    "per_language": {
      "unigram_entropy": {
        "srp_Latn": {
          "MiRe_bpe": 9.174046193596451
        }
      },
      "avg_token_rank": {
        "srp_Latn": {
          "MiRe_bpe": 634.1884987625067
        }
      }
    }
  },
  "tokenizer_fairness_gini": {
    "per_tokenizer": {
      "MiRe_bpe": {
        "gini_coefficient": 0.0,
        "mean_cost": 0.0,
        "language_costs": {
          "srp_Latn": 275.153
        },
        "warning": "Insufficient language data for meaningful TFG calculation"
      }
    },
    "metadata": {
      "description": "Tokenizer Fairness Gini coefficient measures equitable treatment across languages",
      "formula": "TFG = \u03a3\u1d62 \u03a3\u2c7c |c_i - c_j| / (2 * n\u00b2 * \u03bc)",
      "interpretation": "Lower values indicate more equitable treatment (0 = perfect equality)",
      "normalization_method": "lines"
    }
  },
  "lorenz_curve_data": {
    "per_tokenizer": {
      "MiRe_bpe": {
        "warning": "Insufficient data for Lorenz curve"
      }
    },
    "metadata": {
      "description": "Lorenz curve data for visualizing tokenizer fairness",
      "x_axis": "Cumulative proportion of languages (sorted by efficiency)",
      "y_axis": "Cumulative proportion of total token cost"
    }
  },
  "morphscore": {
    "per_tokenizer": {
      "MiRe_bpe": {
        "per_language": {
          "srp_Latn": {
            "morphscore_recall": 0.7589564906638057,
            "morphscore_precision": 0.3629793777006294,
            "morphscore_recall_std": 0.00013384910658743393,
            "morphscore_precision_std": 7.792780445989123e-05,
            "mean_token_char_ratio": 0.3746985369644336,
            "micro_precision": 0.3383777239709443,
            "micro_recall": 0.5001278118609407,
            "micro_f1": 0.40365174334639986,
            "macro_precision": 0.4387945665445666,
            "macro_recall": 0.5015384615384615,
            "macro_f1": 0.46807321504986293,
            "num_samples": 3900
          }
        }
      }
    }
  }
}