{
  "fertility": {
    "per_tokenizer": {
      "bpe": {
        "global": {
          "mean": 0.23862415487608782,
          "median": 0.2291704676762148,
          "std": 0.04979557276527449,
          "count": 1000
        },
        "per_language": {
          "srp_Latn": {
            "mean": 0.23862415487608782,
            "median": 0.2291704676762148,
            "std": 0.04979557276527449,
            "std_err": 0.0015754622014411887,
            "min": 0.13076923076923078,
            "max": 0.47863247863247865,
            "count": 1000,
            "sum": 238.62415487608783
          }
        }
      }
    },
    "pairwise_comparisons": {},
    "per_language": {}
  },
  "token_length": {
    "per_tokenizer": {
      "bpe": {}
    }
  },
  "vocabulary_utilization": {
    "per_tokenizer": {
      "bpe": {
        "global_utilization": 0.5756666666666667,
        "per_language": {
          "srp_Latn": {
            "utilization": 0.5756666666666667,
            "used_tokens": 17270,
            "vocab_size": 30000,
            "unused_tokens": 12730
          }
        }
      }
    }
  },
  "type_token_ratio": {
    "per_tokenizer": {
      "bpe": {
        "global_ttr": 0.0869718487183361
      }
    },
    "per_language": {
      "srp_Latn": {
        "bpe": 0.0869718487183361
      }
    }
  },
  "avg_tokens_per_line": {
    "per_tokenizer": {
      "bpe": {
        "global_avg": 198.57
      }
    }
  },
  "compression_ratio": {
    "per_tokenizer": {
      "bpe": {
        "global": {
          "mean": 0.010637389463917051,
          "median": 0.007117527862208713,
          "std": 0.009712421447204259,
          "count": 1000
        },
        "per_language": {
          "srp_Latn": 0.010637389463917051
        }
      }
    },
    "pairwise_comparisons": {},
    "per_language": {}
  },
  "renyi_efficiency": {
    "per_tokenizer": {
      "bpe": {
        "renyi_1.0": {
          "overall": 11.152118932514567
        },
        "renyi_2.0": {
          "overall": 7.658862134671945
        },
        "renyi_2.5": {
          "overall": 6.867871622112589
        },
        "renyi_3.0": {
          "overall": 6.386312834404056
        }
      }
    },
    "pairwise_comparisons": {
      "shannon": {}
    },
    "per_language": {
      "renyi_1.0": {
        "srp_Latn": {
          "bpe": 11.152118932514567
        }
      },
      "renyi_2.0": {
        "srp_Latn": {
          "bpe": 7.658862134671945
        }
      },
      "renyi_2.5": {
        "srp_Latn": {
          "bpe": 6.867871622112589
        }
      },
      "renyi_3.0": {
        "srp_Latn": {
          "bpe": 6.386312834404056
        }
      }
    }
  },
  "unigram_distribution_metrics": {
    "per_tokenizer": {
      "bpe": {
        "per_language": {
          "srp_Latn": {
            "unigram_entropy": 11.152118932514567,
            "avg_token_rank": 1925.4993956791056,
            "total_tokens": 198570,
            "unique_tokens": 17270
          }
        }
      }
    },
    "pairwise_comparisons": {
      "global_unigram_entropy": {},
      "global_avg_token_rank": {}
    },
    "per_language": {
      "unigram_entropy": {
        "srp_Latn": {
          "bpe": 11.152118932514567
        }
      },
      "avg_token_rank": {
        "srp_Latn": {
          "bpe": 1925.4993956791056
        }
      }
    }
  },
  "tokenizer_fairness_gini": {
    "per_tokenizer": {
      "bpe": {
        "gini_coefficient": 0.0,
        "mean_cost": 0.0,
        "language_costs": {
          "srp_Latn": 198.57
        },
        "warning": "Insufficient language data for meaningful TFG calculation"
      }
    },
    "metadata": {
      "description": "Tokenizer Fairness Gini coefficient measures equitable treatment across languages",
      "formula": "TFG = \u03a3\u1d62 \u03a3\u2c7c |c_i - c_j| / (2 * n\u00b2 * \u03bc)",
      "interpretation": "Lower values indicate more equitable treatment (0 = perfect equality)",
      "normalization_method": "lines"
    }
  },
  "lorenz_curve_data": {
    "per_tokenizer": {
      "bpe": {
        "warning": "Insufficient data for Lorenz curve"
      }
    },
    "metadata": {
      "description": "Lorenz curve data for visualizing tokenizer fairness",
      "x_axis": "Cumulative proportion of languages (sorted by efficiency)",
      "y_axis": "Cumulative proportion of total token cost"
    }
  }
}